,From,To,Cost,Var
0,3,2,107.31396107344366,1094.950899949646
1,30,7,201.9821491223121,2751.470462729657
2,221,3,39.5091477397013,91.35811147240267
3,116,4,44.098500001057076,86.42915603121067
4,2,117,27.879143725510108,120.42127074369343
5,7,8,134.7771658563764,1531.0962030362066
6,8,10,97.57074680166107,1400.6289585778998
7,7,9,175.06003661049988,1819.659707353036
8,8,9,184.8993373061205,4961.6968335451365
9,10,11,136.27329075061476,810.8776436134643
10,9,11,105.42203779511532,736.7496577765104
11,12,13,2.6349568283237454,0.37360385667395263
12,12,14,3.323328404752552,0.659183390325491
13,13,15,2.5996492720487936,1.0544321222802502
14,14,15,4.3445881693832735,1.6289169000278056
15,18,221,80.04242581009197,590.6370572090359
16,19,17,103.80454268371201,882.8346630397813
17,21,18,102.30103601170931,844.9209620494644
18,21,20,39.52032193883377,108.69726939385433
19,20,22,71.61836147031325,457.96956471918827
20,22,19,48.569982102448016,117.73716822003729
21,17,23,9.122162631464443,5.910169970415065
22,23,18,50.814580472824446,166.50694233748885
23,22,23,72.86969959806531,477.1367357371421
24,2,24,23.64855306207479,59.398630013890404
25,24,21,155.01861789861124,3599.5828135149486
26,24,25,200.50354530162517,5932.967573166626
27,25,6,129.67724393511867,1849.7721355099284
28,26,156,135.6026270213544,954.942094560504
29,4,27,96.21812929516663,1110.0098756788389
30,156,28,73.43356615999147,860.160663257908
31,28,27,76.08589151779273,825.8974605537619
32,4,29,90.86984427427473,659.0021614532202
33,29,26,126.49059458814453,1812.6864407201017
34,28,29,57.58353070388644,515.8232600148169
35,30,31,136.0950392019871,827.6263539843733
36,32,30,68.22059467921189,244.21021856193266
37,30,33,150.14450773385892,1501.6349729825945
38,33,34,14.113070385450264,9.397660662219453
39,34,35,17.20176137625869,47.23132352476006
40,36,34,28.543897640666124,116.48200902773509
41,35,36,4.094865483221584,0.8165264444271869
42,36,16,46.41821679079815,102.00449250555235
43,214,37,5.830236461640778,1.4038170376726982
44,59,42,74.08717086785119,707.8340694979997
45,45,44,77.95015910330716,368.71445321604807
46,39,46,50.1222965394337,104.68170159160378
47,46,55,26.589802216882312,42.28380366157029
48,54,43,61.57705573315628,352.19730806198004
49,54,46,15.809253118987593,31.476668528866796
50,48,155,25.518430530760337,29.3074545702442
51,47,154,26.617944403563502,106.43213973746869
52,48,47,1.122669681075175,0.15862476922831123
53,49,48,1.0372947619889747,0.048263198549264794
54,50,49,1.6282447259837713,0.1541089714433467
55,50,51,1.2867724790729365,0.14417019096266853
56,49,52,2.0382310396677767,0.18985986523554105
57,51,52,2.1516396393816137,0.7312469430467622
58,166,59,2.3083936669316483,0.3183527657245065
59,166,53,52.85884530748585,305.25719786590037
60,54,55,77.90738883706146,343.2052668849623
61,55,147,18.901780929938003,14.437614656891824
62,147,111,15.083437349320022,25.819893226744647
63,42,57,31.757112714966524,59.43222281940387
64,59,58,14.945304147170527,32.69136191286603
65,42,58,18.82722824722401,15.39280118748846
66,61,176,349.48873339537266,6162.655551063876
67,61,60,368.83695685031734,8814.732328571457
68,60,176,181.82569281038707,1997.3572465258478
69,62,63,198.83267496320423,4744.682669015256
70,64,62,211.51594041443983,3924.985424678043
71,65,63,306.8463752695483,9621.102539834996
72,64,65,366.38834592022437,11596.420176598887
73,66,67,178.8655438951901,3024.8991178160695
74,67,68,303.3332043478969,10006.51452975669
75,66,69,202.87806657181324,4594.457546155717
76,69,68,241.64827877628292,6842.475144479691
77,70,71,45.427083672074346,188.44858499771036
78,70,72,44.390964967241,247.3851709252732
79,71,73,26.770735328173668,88.42294896174579
80,72,73,53.81226679503857,251.79281777368405
81,74,75,46.53098664253837,116.9456167417419
82,75,76,22.85629261678389,43.44387836182265
83,74,77,50.718437158700574,129.98795119262047
84,77,76,26.94956684493635,101.14858509561058
85,71,78,68.4168937263283,646.326393992106
86,78,79,29.7109413533806,138.60954053220303
87,79,74,46.28706109967803,305.9003889688743
88,80,77,71.46772730581816,278.6500769627342
89,79,80,1.4279097419368507,0.23320036202424818
90,78,81,2.0200468392017976,0.34753084086047065
91,73,81,46.92134110968424,179.352029807387
92,81,80,1.4601481438646058,0.24051736739264448
93,82,61,1.6671196035175568,0.38106337927491385
94,83,82,1.4349312884874061,0.11821020953017808
95,83,109,1.9500235041160847,0.44711673894943005
96,82,110,2.280550581927806,0.7713068845596922
97,110,176,82.32988335342615,425.5566368408755
98,68,109,132.7819804164831,2685.787240226948
99,67,83,132.78244109593606,1311.380132307179
100,40,84,48.65931752812781,208.99156408874583
101,85,223,41.04200763883323,91.67967225094428
102,224,85,1.7333888651907476,0.4411783424751337
103,73,87,493.6697953861623,17383.74969963365
104,86,87,539.0877722031915,18425.882778060004
105,88,89,2.4440927406389643,0.2774418224247737
106,88,66,112.30422459926058,647.6122126888187
107,89,67,81.2347852490352,485.667184406628
108,86,88,89.42779464347588,797.6791019436117
109,87,89,5.828747415961665,2.5737514490851496
110,81,90,77.21513324978906,607.9132008988944
111,91,92,45.54529457632694,209.6371245755467
112,80,93,414.18240284621,19220.551370448396
113,90,93,1.1834058549078739,0.10692782756779912
114,90,91,1.1101840826367864,0.05800561044573829
115,92,82,29.395810985810538,89.87735394502126
116,93,92,43.33945356323374,119.1892109232643
117,77,94,95.71393676550767,833.1827834501743
118,93,94,69.00834813077647,224.14289113780595
119,76,95,67.11867630207419,635.8417156245087
120,94,95,68.51973765474372,485.4459910280834
121,96,97,1.7980823713808338,0.34010192370584796
122,96,61,56.528482617475866,286.21848893249177
123,94,96,52.329437294039366,329.64917876398425
124,97,60,51.77505002366724,415.47974636474794
125,95,97,84.39997799973308,720.1727701464497
126,98,99,1.2908442354888892,0.15466184687690543
127,100,101,1.0063813597394646,0.1387847155725125
128,98,100,1.2067256058134304,0.18055037301294524
129,100,64,245.52635398278977,4639.824198283575
130,101,62,136.15495010628698,768.7223256406029
131,99,101,3.772850264333838,1.7421656073035947
132,173,56,3.675678342368704,0.6210199107344692
133,44,102,5.658458953569882,2.5254496735098995
134,154,103,2.847860021321698,0.5193028384275028
135,102,103,4.249203540682002,0.8082962097726594
136,149,38,43.00582700477016,141.86172681458967
137,153,149,46.2034981760752,125.253206845686
138,190,143,48.65206003866669,183.81210527593086
139,143,105,27.294768890125994,106.75376888428653
140,105,149,65.32237686084808,371.8639372286241
141,190,106,93.55391145545615,1050.6097381344446
142,106,153,31.098761352435606,123.37484787334999
143,106,105,39.14223908320207,208.39728264201634
144,58,107,32.29124817447953,141.60339194494276
145,53,108,56.54253360795262,453.19724007728627
146,109,110,130.55219626493718,2147.829299514707
147,43,172,67.43031395970935,304.95798531464595
148,172,173,171.81189434860462,1526.6100322460352
149,112,53,38.38326681049297,159.74108639384187
150,113,112,33.62018913149109,51.0571424529446
151,114,113,45.49994200753614,234.83835915396955
152,206,115,293.95652064572784,8584.315320234364
153,115,114,268.5634728520071,9790.73984880657
154,13,224,44.233730225327555,203.41733594474442
155,14,70,36.31243636148778,66.36620805551358
156,10,70,68.73399550806317,410.77000537946185
157,11,71,109.9195854549175,1728.6451841786572
158,26,119,40.68568227841657,99.02635968984814
159,119,118,38.2566748887682,62.84945385291056
160,116,117,2.1655620260724047,0.32769536573273306
161,119,120,82.56291281742837,331.8296091509623
162,120,116,98.79762436405456,1436.6178766258035
163,118,121,22.71255974542346,27.199629869333876
164,121,117,259.4122154925714,4121.975039413948
165,120,121,215.9946180996617,5279.461190094979
166,6,122,52.26910918388152,207.24017318818795
167,122,222,144.93882912085394,1705.4053753192002
168,11,123,87.02145241444067,834.8021681470627
169,123,49,65.79414995800734,189.22552300610275
170,124,50,50.16808753405641,342.7647846589931
171,124,123,78.35663008975412,522.1919634898926
172,37,125,29.20048820033785,115.25413007494043
173,126,184,20.107833911638217,52.624462204840896
174,116,127,68.77785073133408,667.0132061990622
175,117,128,22.520119456525567,49.404312282869874
176,127,128,11.358096041570578,15.474117900879481
177,222,129,59.32875629455819,524.445613011128
178,129,118,6.972252186165626,2.1030595010630635
179,222,130,61.16860874163528,172.17635649015378
180,130,119,17.523748972000472,19.47247697416759
181,130,129,20.48359488914578,55.07494376641802
182,127,131,76.32327008056157,540.9561987566998
183,131,214,58.39122626178279,152.06261708442017
184,128,132,35.85749321952275,100.91701407895698
185,132,37,112.68382884447978,741.0721213427629
186,131,132,150.0439297779327,1896.2966887985451
187,27,133,134.20081894322115,726.3627383504023
188,133,1,90.48526041489941,681.91475845813
189,158,159,57.56586664717399,529.0513251132239
190,135,136,16.950109753000877,33.98526577395989
191,136,134,24.42743243386773,59.18278488483552
192,134,137,52.581524999674066,137.45299348942683
193,137,221,25.70858274413084,74.67968245252773
194,52,155,40.49547334797759,68.04600712370362
195,138,139,30.053739636915253,41.87530038913027
196,1,140,46.3523101217434,95.91257671796723
197,140,32,190.44137190233693,4093.428462717347
198,141,142,169.82637545109395,2173.082225378459
199,16,141,54.19744369353552,198.29013790943395
200,141,12,55.26817105132141,243.0551728132902
201,14,142,81.36559826087984,525.9819074533667
202,142,16,40.548485986813446,76.20172195616756
203,57,144,42.86208372003332,112.59289296867571
204,144,43,88.95122201616356,854.501813330162
205,107,145,47.962811722328404,287.8753385724424
206,145,108,62.95223737051258,396.0531417648604
207,108,146,7.337074379653547,2.4823753015137147
208,146,54,92.26383925174237,1056.5135863022067
209,111,148,84.81841764542591,776.8908953374208
210,148,40,34.901676945738046,88.80503121316114
211,153,150,1.4022551609347886,0.11408025764817423
212,65,150,1.402824982181747,0.14336254042085644
213,151,152,1.1773740973412417,0.1731418737379698
214,152,149,1.4186949876216126,0.2353182950537312
215,150,152,1.2351777643585058,0.19274829736229168
216,102,154,15.935067279139261,12.70012415023823
217,155,154,1.4411309889056279,0.08587016571592254
218,121,122,252.56394871390668,5370.631951960694
219,31,157,217.73658051837725,5085.459098289
220,157,32,209.76656046341884,3074.3132581221175
221,160,135,5.938352127624007,1.6425381046944787
222,162,161,521.675054292986,15758.258354899672
223,161,163,269.7019549969308,3386.9748646199155
224,162,164,480.4746072890676,31684.626075811804
225,164,163,503.9116081504443,11177.507770734395
226,165,166,380.24660785893735,8947.020779241779
227,167,168,797.4976177197913,66508.35526412618
228,109,168,86.15496714084975,760.8759956888684
229,168,138,124.72040800731773,2149.776645713245
230,139,169,79.54083426089667,270.213415166691
231,169,110,124.93076423728603,1394.4173159414072
232,168,169,52.433892983689944,354.7055264683176
233,95,170,19.415535647850575,29.97409250338045
234,125,171,647.5344399539229,21638.323347336183
235,171,126,326.18911503904087,5938.651072120822
236,173,174,189.4509551557749,1743.3652683295334
237,174,175,91.34926600741156,989.375464456311
238,56,175,87.96839337517251,673.4862780178933
239,175,39,103.40151636523274,1403.4056820224152
240,47,177,4.149325409834711,0.9645510521801511
241,101,178,32.85810049028019,77.17734190224894
242,178,104,23.906746050940345,69.71185433368677
243,63,179,20.912714937697146,20.56382712310659
244,179,151,36.05667843750581,108.5335357391319
245,68,180,48.94630493356,379.80967221282623
246,180,167,41.71946702784414,265.00576994061896
247,97,181,42.07475426904115,164.28652579348463
248,181,100,49.5137423011595,367.5388054851521
249,184,183,103.68175123956975,431.89928486717895
250,183,182,109.14296383339189,810.7675637800429
251,9,185,57.16779154681421,153.85412752746043
252,185,124,117.70634273813846,1056.1398760139325
253,87,186,48.632565120313636,337.51980693020494
254,186,90,27.471375048030378,82.30415412266684
255,188,187,15.807258025339177,31.33408464330907
256,187,41,23.270361902741687,42.593562436865334
257,163,188,43.75122292780025,258.81426824734876
258,201,153,37.21497811978698,173.22570475511677
259,169,189,49.682164931600155,245.10819919010817
260,189,190,33.65030266202207,77.26321172496627
261,176,189,23.88496554789634,25.890345260665224
262,91,191,30.14267023784795,86.03853797896511
263,191,83,54.86935048776933,447.9118292727381
264,76,192,30.11487181697218,54.66393548062519
265,192,47,18.24769245367335,14.284713470426372
266,177,193,15.709985603093061,11.258617695043107
267,193,98,52.178259430723166,282.0507288399245
268,92,194,18.768882223726852,31.95236745632134
269,194,96,56.567894196455434,221.96664367890978
270,89,195,28.106668472061404,88.69819332498676
271,195,91,50.14244431920519,254.82143611109962
272,224,223,9.096604911050708,8.055377970219057
273,75,196,20.438336154830502,61.85245352907867
274,196,48,34.33649262656358,100.38958679850762
275,15,197,16.580401552976998,21.744337741409495
276,197,72,28.59457532895766,36.25092253576531
277,15,198,44.015840519114946,128.510792085476
278,198,85,10.637812437229154,12.201258049819476
279,152,199,86.50203638977466,387.3869416315117
280,199,164,100.53776464160364,535.9825974944013
281,200,65,78.2459590434209,621.7670781880023
282,201,200,135.19125326983692,2578.393076053034
283,176,201,134.6731523175131,1985.4758460632968
284,163,202,117.7372526354465,576.3925115758121
285,164,203,135.34511495476295,2028.1125235272366
286,202,187,125.96398049128881,1986.8646277041294
287,38,203,114.89150975932944,849.0686375509562
288,203,202,119.61084445218958,726.1762436484086
289,41,165,139.50778931255792,898.2443147382623
290,72,204,44.78609743294122,215.62154089807086
291,204,86,77.95132735622772,289.38087963340274
292,85,205,25.071616110760434,97.93302383854879
293,205,86,22.00029066809272,72.99972455945334
294,170,98,44.81090434828577,142.050513553434
295,207,208,18.703198484909265,33.06296627563233
296,208,160,23.564088174402656,61.234467154351734
297,210,207,16.360540154593153,19.504248948930396
298,209,208,3.425696136722136,0.5230408785555228
299,210,209,5.730551530277382,4.871109490196603
300,210,211,2.9630462694741286,1.0221955968681455
301,211,213,5.72258913823443,1.8836727323176186
302,212,209,22.614716892195887,69.38208690518945
303,213,212,25.57261675185241,93.13282633687899
304,213,210,47.95028748412408,120.79676095544137
305,182,213,27.022965833892698,32.58769511008565
306,215,216,104.07329245803358,732.3469993218723
307,135,215,84.33986633790022,776.548307851876
308,215,158,161.35370663450365,3027.000166918829
309,159,216,172.12226637268964,2328.0625591652083
310,216,136,165.63427955561258,3204.8117414448343
311,5,217,10.16641193731607,11.896103401949224
312,217,209,10.051326954574472,9.620689687732831
313,60,218,26.948992909422245,35.965830339420926
314,218,64,36.731426985625674,150.90949376578334
315,151,219,38.179628582404185,89.12798243719784
316,219,162,29.082531908882878,65.21621125488396
317,103,220,12.416993039298754,7.31337741091099
318,220,99,31.30961840614989,71.45816897109748
319,223,225,2.477483465660591,0.5662637022305885
320,225,88,76.56671049803694,248.22735778331455
321,104,226,12.534912930708812,12.22321910546103
322,226,206,12.692866970778711,14.25993010643442
323,155,227,3.3679961407152588,1.4566006544570194
324,227,45,17.963780482779455,30.954009595723974
325,231,232,123.87537005916273,2187.9109895768975
326,241,242,82.34141740333351,749.4397121292409
327,242,229,155.19928067900906,1418.2762353581622
328,228,236,483.79913312582573,9613.207666417282
329,246,238,116.06212646417104,849.7711796621707
330,229,248,66.58033281950881,237.3596128127319
331,248,238,250.04807013814792,5225.028571397288
332,247,248,193.36988424019734,3070.7647057642025
333,250,251,15.147361407074138,31.403925229141972
334,251,246,36.88186357476064,131.24324947818158
335,252,231,57.11315982253845,286.1245567236487
336,253,252,26.975891132617946,72.3639268796483
337,254,253,21.94409674620188,43.17321992982045
338,257,233,52.62226697356702,372.93772719845987
339,228,261,59.432593201425405,437.18207504835596
340,263,264,109.49166075617985,1127.439559552666
341,264,260,79.27737220150658,405.23146578214454
342,263,228,64.0079373101555,428.00671294551535
343,246,271,158.22712555271818,2393.20543623924
344,271,247,202.77966046925397,2469.916681183606
345,250,272,225.01588553742155,3950.814078139761
346,272,249,194.90855778514486,3223.849790488058
347,272,271,298.3425310968062,7420.353657096686
348,275,274,151.51729123471583,1699.2713134423198
349,278,277,109.00040950081028,476.99410005337324
350,552,267,109.46938462922307,500.4129435697042
351,551,279,65.5774827701451,545.5712473016932
352,279,552,118.68141726389639,1534.7673537561866
353,280,276,32.60438295527507,67.68533413216038
354,280,281,74.27863340345526,394.9190686800146
355,283,236,14.654409531630238,25.192784384049652
356,284,241,84.63499199836664,489.3859173023448
357,554,555,1.873179595643031,0.21212559681209053
358,551,285,29.06568874617518,60.0435116931264
359,285,555,8.536215152234403,6.228459892716584
360,279,286,23.370321674859756,43.466685022219025
361,286,554,23.400786696551783,75.54276086097757
362,286,285,2.4265504623412095,0.48639014078918463
363,287,276,2.300214398387137,0.4349963853006303
364,281,287,126.02549566553276,1865.5870219974006
365,277,289,6.0938888487752045,4.240028186792895
366,289,288,5.79111799433036,3.87256231409809
367,290,500,2.464995113918613,0.6759929226237064
368,291,292,4.997032138767953,2.494632774707403
369,238,294,340.42209689176053,14425.551568284767
370,294,284,268.1758067862563,4213.145860130608
371,295,284,208.133036416909,6753.551483096168
372,294,295,145.79792869721015,1255.333102239405
373,239,296,341.1987206537922,7842.040910037937
374,302,249,57.61211322131559,237.71332095785985
375,301,302,78.78962129446803,661.1915758548143
376,303,272,55.299813725097394,124.75641151083408
377,302,303,26.661880552832955,79.25451263016012
378,303,299,29.1415616421573,99.98325129084733
379,299,250,34.33418889655041,131.7335214128207
380,304,278,1.199705861549424,0.10439681407439906
381,305,277,1.0670149791825738,0.11777661947822837
382,304,305,1.8745424012622727,0.2705582447790837
383,305,288,5.689445016520046,3.185648334038972
384,306,307,7.863177626705902,3.9737072772849866
385,308,278,84.16360490701395,624.3060727129462
386,309,308,1.8770173680220137,0.15789026879402732
387,310,304,100.88360141322956,422.7274471781155
388,310,308,63.55851223839474,175.73298386319686
389,311,309,108.30926317444866,1438.8732040763985
390,311,310,116.10379589465661,1390.7247132135521
391,312,311,61.253328824321095,467.520910563611
392,307,313,54.05481127541555,195.50741671643127
393,313,312,99.9448710500868,1573.149740458125
394,313,310,68.51563114080821,210.50054799230855
395,314,266,166.51201200977138,3314.2934515724455
396,315,239,135.39946266391593,1517.3349049022788
397,316,245,78.45754875678993,528.0576898762824
398,230,317,142.75314559909148,2132.5418202321275
399,580,280,157.8104185180669,2146.0168422705538
400,580,281,154.98951839285084,3158.7460846072345
401,237,580,401.7301540591342,14772.61881023604
402,281,318,425.43358435493843,10215.644047390033
403,319,282,340.12863748235867,9426.11185355439
404,318,319,409.86911068179234,10341.371490683756
405,265,321,108.47974406245022,647.455087100488
406,236,322,30.001975900813637,49.80406469225569
407,324,309,123.84642869213765,1875.7838932124823
408,324,323,1.141219745384154,0.05883674739088513
409,325,323,2.0703162669715485,0.25274199728260305
410,326,324,1.2544054972070993,0.10243115443461955
411,326,325,1.7449401847448025,0.4347715277522836
412,328,327,1.6429598865734367,0.15662725246209053
413,329,330,1.4788855249479407,0.22722091407970957
414,266,524,1.096918929634929,0.15975447987345137
415,524,329,2.2148777412544383,0.6285118789879408
416,525,330,28.04250347781917,74.94045292569366
417,440,331,41.2984532940941,85.52987232372776
418,331,265,43.34623804736157,134.17980885244998
419,321,332,18.945432719493507,57.3205300338101
420,332,322,123.11735241027314,716.4259527558374
421,331,332,358.66037989070645,6073.917280712363
422,581,274,33.27142961485613,79.62653106602693
423,581,275,31.275833462217605,47.10152056287059
424,580,333,200.66936018058215,2725.416683451604
425,335,334,2.1232892456491643,0.20695868316071517
426,268,537,2.3612989971175047,0.7845863291335867
427,289,336,95.34604225436358,1065.0448148000457
428,267,336,76.21973226620989,879.8477345107939
429,288,337,24.960575417223854,59.70938088800388
430,336,337,45.8961611234274,177.7564336720412
431,337,574,296.367260304218,9699.938336287307
432,336,279,111.3248410757625,938.1693214168214
433,337,551,48.605668690032836,98.95608745238945
434,317,338,104.41224284805173,1414.7839219388961
435,338,273,46.77533429898354,142.6435912675624
436,339,229,558.8543501606846,40441.258088779105
437,273,340,43.028092478084034,196.44923037245937
438,340,341,128.89349552027033,1193.228235056799
439,341,343,586.8369193987725,19586.025571011996
440,343,342,290.2457420688114,4749.102948809945
441,300,344,86.92345758463028,788.9504989522202
442,344,244,101.0071948510809,1307.2908094337004
443,343,344,105.62919812165843,1254.70598073788
444,244,346,97.1083772881487,591.1809074943966
445,346,345,179.96154557949103,1595.252199362644
446,347,346,31.540499736443817,44.52495821174511
447,244,348,32.04227467655351,151.97355146316332
448,348,347,47.21727937014054,199.1456214994491
449,348,349,42.40754319264419,115.37064061144653
450,349,500,397.82408388307647,7697.664187964128
451,523,328,91.01281928900607,850.8997967417599
452,351,282,74.02383889511114,648.9718340636365
453,287,352,61.89959272629662,193.71904637974552
454,352,326,155.14461525545843,1302.1103661625193
455,276,569,50.00507524770764,202.94101747494676
456,569,325,120.36000341583355,624.2023219081199
457,569,352,244.97890140225073,8421.333763180648
458,353,287,81.38613021444743,290.33727920159436
459,352,354,142.94059928193056,2117.682028827925
460,354,353,108.26161317410244,1435.2291219534504
461,320,355,86.22536399627111,486.9456836964166
462,568,356,337.8920691664063,8299.767989516597
463,357,355,198.7063151654212,2835.034139647309
464,357,356,253.59257424001163,3041.7787004273723
465,354,358,345.5972776049318,4832.529726305515
466,358,568,44.12982256866147,204.38553477904284
467,358,357,71.10164542922446,375.6907427779818
468,282,359,97.54874771635208,709.4606256729453
469,359,320,26.793924905542763,86.64145619158869
470,356,359,48.822063939985924,298.5001750621134
471,276,362,18.231103815909083,18.593005537257
472,362,360,40.622220247085714,161.50698104933554
473,361,362,38.42668617789774,203.05260714454934
474,323,363,33.99334830411804,84.06555892065033
475,325,364,53.680095208463754,254.704877186041
476,363,364,65.57631726766968,331.00223886178696
477,364,365,82.4994206298535,524.1665396883719
478,365,366,101.18884904097786,1452.3746586567063
479,366,361,99.78298606661852,1258.5781156189726
480,367,365,148.63749239436441,1658.7422896752635
481,367,368,82.7480850370163,275.33687384522955
482,368,366,124.93492032154934,1269.6563175026072
483,363,369,76.84843894517151,474.4746187978084
484,364,370,17.172213439055174,19.450185618115643
485,369,370,1.2187250814829134,0.1917483394266839
486,371,367,1.5043085388497675,0.16855921371948354
487,370,371,1.9797556703306305,0.6105426221461557
488,373,372,657.2880720575585,60146.42714096502
489,360,374,621.5267967770218,18993.76763434705
490,374,373,421.29414136970604,18767.111151165333
491,368,375,450.248384916364,11277.456508566615
492,375,360,710.6886178504318,76850.86037622605
493,372,376,510.8261951243273,41678.53931890471
494,377,327,624.1661941003017,34410.7935624902
495,378,328,1132.7770794313042,67662.89806283364
496,377,378,468.89646978088575,22088.214643277053
497,314,379,39.566932349190054,86.00739862673565
498,379,329,71.08376363959113,793.7236970864359
499,380,377,69.53357671525728,451.254899167988
500,381,380,56.99566419523133,242.14433349010844
501,382,314,106.23264130740544,758.7990290231055
502,380,383,129.50327867434893,1597.2889801581425
503,383,379,98.18515030624351,726.9481147158479
504,382,383,86.7297342485904,539.7968181688623
505,329,384,121.07506309444972,753.4640560074898
506,384,377,66.46768791471828,182.27573767455203
507,383,384,60.83671626252694,162.15318676712593
508,330,385,70.49144377298785,267.81428496756706
509,385,378,65.77033140683407,255.2065069701615
510,384,385,64.31748200918918,444.32143208726023
511,381,386,9.891263008331794,4.6463347494422225
512,386,382,126.749023463834,2149.198417673922
513,387,381,27.032237172613815,35.02725984108074
514,388,389,19.92046108721467,18.518948997951796
515,390,388,28.43037952599341,82.2903419570828
516,393,392,19.895730964466434,55.35850958052041
517,392,394,62.31403450171309,268.9363213592426
518,394,395,78.59102417293722,428.4564404243804
519,396,395,58.891959344554365,303.4438472540733
520,394,397,56.233623091542434,425.85691049110255
521,397,391,76.78878462677976,409.00482776103394
522,397,396,65.344887485076,197.11434829843037
523,392,398,46.14899477981895,210.50389586793418
524,398,388,28.633734028196354,104.3477876391592
525,395,398,32.24747041160154,65.01875979156837
526,393,399,26.040864687135173,32.75671475705301
527,399,389,30.06559262439432,109.86342362455069
528,398,399,33.8075607272984,96.2599059068687
529,391,400,26.306194018513644,97.53517923531136
530,400,390,27.384748347576416,45.795821923697915
531,400,396,29.90691895009374,78.97137168169459
532,401,313,39.16239011446319,170.22072583003538
533,402,312,32.88767583078285,152.36922285872353
534,402,401,49.2553425309808,99.35462834544003
535,556,401,26.527446594113187,89.39498414135026
536,556,402,39.51411751104811,119.82631100090592
537,403,306,167.3744917405217,1798.58414349159
538,404,307,166.30578135569664,2526.930895916593
539,404,403,1.3539870311923918,0.23232902683222306
540,557,403,2.147217350525897,0.2564743381278836
541,557,404,2.036536211693552,0.2121168185394296
542,573,405,30.285643845997757,71.10930810608713
543,406,573,75.60900694665072,424.26877540236876
544,407,406,29.040177425522817,66.49310268156823
545,405,408,22.970379134274637,28.528140088020486
546,537,409,15.151763377014497,25.599406899758876
547,409,574,113.98075022732084,675.5127488354079
548,574,410,247.75378137448257,8606.350732503199
549,410,306,53.4764734630412,198.39155002268222
550,411,408,65.9415937097595,418.82477013249684
551,412,411,33.66638062680229,78.94537938330087
552,291,414,100.46606352128624,919.5706712142872
553,555,415,22.834847497114232,55.361716852919336
554,415,5,43.13241484561333,187.9857026358073
555,416,413,28.964306985851984,66.1855997378852
556,417,416,2.090772643308651,0.6751608559426995
557,333,418,72.71569948172662,685.8361785754776
558,418,581,66.32715922292833,381.60897448032273
559,376,419,59.97091327788747,307.01691156828633
560,275,420,80.48515812925251,284.7554159187348
561,420,335,35.42142885382327,77.35580676967912
562,274,421,13.48791976011783,22.038500833326438
563,421,334,28.836327126830156,101.34819974610043
564,421,420,33.33856156055181,148.80165136975043
565,419,422,22.296867385541432,66.9828965205447
566,422,335,40.16391728485509,236.2607220519725
567,423,316,80.86825042277584,751.5931305661513
568,245,424,345.33713279366486,6934.445627750054
569,423,424,209.38073982278746,5978.286247406568
570,424,425,439.27388405842197,17028.653917595795
571,426,423,277.3646917472443,3099.773042351993
572,426,425,325.02236641263517,8489.487460603148
573,269,428,84.41518660421308,808.2403696836653
574,428,427,68.22409729086888,719.8922692171199
575,245,429,167.0198693547246,1116.7394540996686
576,429,430,115.3633932888823,1086.7785670228045
577,430,431,59.59239880987039,177.0220509295439
578,431,230,13.922939185815308,22.645107577139314
579,425,432,62.551681606638915,314.4149827819642
580,433,350,80.41450116774871,268.72961167647526
581,322,435,13.207776259326291,10.37503133478751
582,435,523,12.874737675484626,18.692042906382902
583,436,440,9.92452295915598,9.956346053672611
584,265,436,472.6791630302458,16648.414945018023
585,437,438,451.45558228823376,16209.734140637102
586,237,439,23.30388957787473,56.5566708066359
587,438,439,151.63337514606556,3308.680006685573
588,437,520,123.18462334019742,2021.1145105888997
589,441,440,80.77177000263634,855.8367626263905
590,436,441,240.36970722987755,6476.334365473092
591,441,437,463.72721417817536,26891.41381529237
592,440,442,69.33413643664963,337.3393962345146
593,442,283,76.19871897094741,243.03404033966314
594,236,443,79.90217027266851,754.6593059195523
595,443,331,79.5926958981299,540.9788598711114
596,443,442,138.93164787952634,1598.1591412194882
597,321,444,37.7792543499515,156.7434201975379
598,444,351,28.85388820023048,83.4472134804962
599,444,441,850.7780162732627,98361.68962057262
600,262,263,804.4175401450549,45923.89724424997
601,261,445,382.7923229537577,21471.25839307387
602,261,446,392.8104087053212,8182.276675349649
603,446,262,495.48318570149394,11880.057501533847
604,447,445,623.9046047888202,61005.95539730255
605,446,447,575.4275871612474,32734.71654401189
606,445,448,410.07735993492804,11360.398161460871
607,447,448,420.0821348350367,13318.507736931373
608,448,449,515.6163870943317,23745.338889989864
609,449,240,448.4469648458718,17967.407570566826
610,260,450,626.772702042751,33195.61407367697
611,450,240,395.6886096898194,11216.802835364888
612,525,451,828.7165355072567,101457.39026433765
613,451,228,86.14147424793741,548.4099544032501
614,320,452,59.59955462575167,229.25058553205915
615,452,318,53.75824451213897,272.3122935846182
616,355,453,9.355075741061075,11.577835340684954
617,453,353,9.910488235893634,8.313399071276594
618,453,452,10.243465804481303,14.074810863899808
619,454,270,19.726893854107306,41.53492962422258
620,270,455,11.160746319830885,5.408131744606911
621,456,290,154.48829128305655,1039.9928537421633
622,455,456,60.501808491198766,355.9116046851886
623,259,457,25.885049642855666,52.850132543829076
624,457,458,72.02905900220642,280.1739783430779
625,259,459,49.684697000457916,128.35285276764316
626,458,459,53.475286412289265,282.5195788306939
627,258,533,42.95679896808792,222.15919790024216
628,459,533,43.117518751765665,259.5815846077742
629,459,460,39.12608420044181,199.9436488086402
630,460,461,18.962817675922686,35.966313306499394
631,461,462,30.92021100052917,85.55949727771024
632,463,257,76.55432142405665,386.8130219597364
633,462,463,77.0818354296281,939.0471418330848
634,234,464,88.96782832452001,605.1768025973665
635,465,256,34.57345348418019,130.12002126083155
636,255,466,15.182773446509817,31.332342005762197
637,466,254,56.148624744835594,164.24885209174488
638,243,467,95.71740386448818,452.8420806142977
639,467,253,163.98114867143147,1381.7240183086478
640,243,468,71.16734906174877,571.033405395053
641,468,295,104.86655567918356,823.2889021911909
642,231,469,1423.100117111048,274242.36455846013
643,469,241,250.3927565175441,6378.49252805603
644,469,243,4918.753763923694,2060806.323129155
645,470,469,2911.464633685941,987065.0638408634
646,349,471,59.609275052905836,507.8624932330244
647,345,471,20.880792179747814,57.353060203728525
648,471,301,36.67717635064718,105.13417434487613
649,339,472,46.23210199150508,292.7102390787136
650,472,486,59.82983396921414,190.82575504720973
651,229,473,31.899454753231332,82.28359379302039
652,473,301,51.17713425515737,129.00668542901906
653,475,474,237.09903583140277,5415.079260798885
654,240,476,221.90405580264988,4872.572169100597
655,476,475,254.5455240367655,4496.818127298198
656,230,477,68.17641031406166,270.96409846892857
657,478,317,83.58106916324108,478.805368367162
658,477,478,63.13804110534857,299.236992423051
659,256,479,297.92519695602437,6377.787533334528
660,479,255,9.023264164764441,4.618022326570246
661,293,480,82.76109353829081,629.8435668054103
662,480,465,189.12125676875542,4298.5815442639905
663,481,293,38.97708684699198,136.49362685998577
664,482,578,22.476914286593257,78.72087790872465
665,292,483,30.835088028858227,56.53613401643675
666,300,484,76.77954333539944,621.4778887024637
667,484,345,71.35407388510183,557.2205362867022
668,485,339,65.1974265851786,249.89456836219333
669,486,485,90.37050241786245,336.7912777975944
670,484,487,161.84344716806848,1168.1503707865747
671,487,486,201.2399678483243,5205.700980299968
672,488,235,38.580399810939724,162.20790296351024
673,491,494,359.77118275784517,8362.79586978242
674,492,493,885.3207254951432,65746.62172257631
675,489,490,162.78771137503628,1520.5653207717244
676,490,500,104.24343579234841,687.4758569593038
677,490,492,154.08153581042689,3786.8095008408677
678,492,491,188.02488461989125,2271.4065999175177
679,500,493,129.89019176333093,1712.7489236188308
680,493,494,102.15074818786876,741.6889036121072
681,491,495,232.5939533602736,6826.89553934698
682,495,501,121.95305126039493,672.9523254370777
683,496,298,188.59227953571386,4797.780479630842
684,501,496,102.4227643881926,1005.7629134221995
685,497,433,36.814620904760666,76.20768340512089
686,270,502,46.81786263229929,99.85864764359239
687,502,298,58.03640857479641,294.2561009653059
688,495,498,34.27054685818709,113.1367455407467
689,494,498,73.11106836214344,504.1147900408027
690,498,496,9.168300424245363,4.790695357622198
691,298,499,19.385303510733877,32.14161681065422
692,499,497,16.996212527249998,30.364927632269946
693,455,489,34.71725770482704,104.32976465366234
694,502,501,15.588748521548172,13.96469421725189
695,350,503,108.61967429831356,507.94003782715924
696,503,269,188.26716744948237,2599.5714617023173
697,432,504,278.91308765026383,8028.20991961344
698,504,269,59.65882060246485,340.9286964444232
699,505,504,68.33028829239045,398.6673904134028
700,427,505,81.49328891425243,525.1929193248209
701,505,426,53.959630424370964,120.83247292442073
702,578,481,19.196694175879703,31.28736996073407
703,482,481,79.50878516435192,858.3837572555631
704,474,239,98.09532700760735,564.5884708119585
705,296,237,46.74416081449522,282.3117022143694
706,533,530,18.480965385200676,30.225213741169554
707,235,506,21.562615392875262,41.6232531015427
708,506,507,35.9955158063723,58.99447572439572
709,507,258,35.20773014610086,114.39108045396745
710,508,556,84.91760362728898,374.46325565571186
711,509,508,79.70224778174993,506.495062237822
712,370,510,103.17849523163893,1304.2541323510345
713,510,509,66.83097234209755,644.7477392282506
714,369,511,64.9973560758867,339.64329698972506
715,511,508,2.132423991903399,0.2976044328208541
716,402,511,61.95049429865522,405.64503559045846
717,511,510,63.16615372083037,626.5759297579408
718,513,512,87.29227745525306,371.42731295369583
719,514,268,64.57059426344455,367.088438047318
720,512,514,101.92284570966063,480.22152982242267
721,414,515,38.24693909747169,184.35118989319525
722,515,416,58.741931063050835,297.0337799531379
723,515,513,32.0855434974851,104.66020917675196
724,413,516,23.458081258040497,63.20279642064913
725,517,516,4.159572991910689,1.0553106365443217
726,401,518,103.43062364327429,809.2378089750723
727,518,404,14.389078864533856,18.808549324517188
728,519,518,4.988171527082808,3.8114008132296364
729,439,520,34.84932292341707,63.74747034155941
730,520,283,16.505380620662372,17.741762480179748
731,342,521,113.56687752371707,981.7498455530488
732,521,300,47.10174581491718,122.05006130485118
733,249,522,20.21137118163468,40.76526300320915
734,522,247,43.367766785205774,156.25335466334815
735,524,525,8.516181261993303,6.273526112377485
736,524,577,7.547696493982143,9.009057455894853
737,258,526,9.857868608701086,11.125811551987216
738,526,259,26.49300086938114,72.91300902010477
739,575,527,64.76020696812286,178.8533626076081
740,528,529,2.845197057776322,0.39239983444895765
741,582,388,3.738524169821654,1.5237859838324317
742,529,582,76.00767094170672,741.0874898207635
743,389,582,103.96228568301454,1601.9087472486315
744,507,530,91.52942060511663,1186.089029643287
745,530,531,138.8129510975227,1955.6798452308947
746,532,531,121.55760253747465,2215.679315859475
747,531,534,102.91003126317494,1069.0598216081037
748,533,532,9.406620327034037,10.068284791679472
749,532,461,9.164658647787515,5.852871369101996
750,235,534,86.68004439574914,371.17254171773743
751,534,463,102.2494861749293,535.9789837254956
752,84,535,62.62259422218437,579.2159587851581
753,535,488,40.23390544392063,249.482553974702
754,536,514,12.943709404027182,19.48273320500429
755,513,536,14.64335029579646,8.733883751310481
756,516,538,43.01135713743468,203.8511204553658
757,538,403,47.65724203811082,95.4919638468546
758,539,482,153.41962436653654,2804.97057212423
759,464,539,152.62968539133826,3573.3249379588347
760,540,315,329.2598854349903,9130.533862860048
761,238,540,625.1368755636032,36573.81567801138
762,434,454,303.66137274193323,11471.187519573907
763,297,541,635.4269614003107,36651.48635076406
764,299,542,37.581293434979806,179.3255685923468
765,542,296,54.00345348709182,121.61658699514605
766,296,543,129.9645452136163,842.9506788423428
767,543,297,190.97288617428958,2828.3387410395935
768,470,544,5.238396830027948,3.541855496842353
769,544,242,9.838733235025224,4.440145395705813
770,232,545,6.996218986976789,7.036172555260737
771,545,470,8.486646111443354,2.891527046995508
772,307,546,49.345284872187605,174.23038831727442
773,546,304,39.74626796293537,77.2994037631378
774,527,547,20.081380453918865,30.86646358521519
775,547,528,43.432226918762964,100.8717849663486
776,308,392,102.19804985600585,1367.9922835575633
777,309,393,138.77012988103303,1030.8745142978366
778,510,548,41.64373951310953,199.33451907167725
779,548,335,130.2720751948343,2618.433699062164
780,327,324,267.4323043191302,10216.581978163147
781,328,326,162.18403562680496,1427.0737961230939
782,306,305,91.49545856403029,452.83083309064216
783,549,291,69.24466488796486,254.1228642429547
784,550,549,73.01010818977225,328.6249503327919
785,552,575,194.24228979302944,2598.120500531902
786,541,553,56.552161668542674,224.1777690487842
787,553,434,64.61645986415166,275.70151548367755
788,409,558,16.851156343718277,31.517089365391282
789,558,407,87.35723439668544,896.7451436696674
790,408,559,23.18583765644137,46.399084127628065
791,559,410,4.893349645258931,3.5480803213738596
792,582,560,23.121450400386607,62.73370484204013
793,560,327,47.60316408696753,271.4200301930813
794,582,561,56.82113670971578,382.6770735502362
795,561,387,37.45165409712252,75.75180617476008
796,483,562,25.318461820823888,25.910923006596967
797,562,417,24.145086824361577,33.80467562526156
798,417,563,8.271775533743298,9.869015665216418
799,563,517,48.09365735702163,136.2985944818283
800,517,564,35.41192685673914,111.19372928321708
801,564,557,84.21981281138405,972.9558924979907
802,519,565,15.270907763524217,34.64779576269503
803,565,557,2.48075335686632,0.48264100947449495
804,556,566,11.93140567274953,18.22929245093339
805,566,519,60.05856829335473,160.40973322484396
806,334,567,56.82887801849973,219.82682215927386
807,567,509,77.52537724616194,438.96981494657484
808,572,571,675.4305520488734,37787.812548328766
809,573,572,107.24540058455187,739.014721887207
810,323,570,80.6165747526402,835.3019096562995
811,570,311,18.857578207918415,39.12518144874117
812,571,412,353.7563833130081,18690.72490208818
813,572,411,31.508715125450454,65.35310425906239
814,285,576,69.84565745609935,321.2117799411701
815,576,550,37.9134031217705,124.35176130179137
816,577,579,276.05335194538367,10933.565747525934
817,233,579,94.75337610198544,652.7975167096938
818,579,234,102.59267546025592,1519.0438255168917
