,Unnamed: 0,From,To,Cost,Var
0,0,3,2,44.928744620685315,191.26823171273205
1,1,30,7,102.42733141281457,828.9503027447201
2,2,221,3,17.58042042071566,17.222370057924064
3,3,116,4,17.351628574445115,25.21313107347253
4,4,2,117,17.353019740286445,23.473985116445316
5,5,7,8,59.581172644525545,236.5989807938814
6,6,8,10,57.18334183623341,501.1345753235276
7,7,7,9,112.97007896693904,541.541818037232
8,8,8,9,79.6223988023147,720.1607566020746
9,9,10,11,112.96963681871775,1875.4588945534376
10,10,9,11,93.30807541569946,454.72873021061383
11,11,12,13,1.5182887554667535,0.14505426500995203
12,12,12,14,1.4382912505888643,0.1225459749722797
13,13,13,15,1.5048120293673417,0.26510604000529137
14,14,14,15,1.5146976699683687,0.2064178651982221
15,15,18,221,48.03178492228498,104.6650361295746
16,16,19,17,46.954806509192245,114.94577285337814
17,17,21,18,31.51955145536089,81.24804357388015
18,18,21,20,30.57173469649493,113.87645894794568
19,19,20,22,34.1646356673676,142.1084571962317
20,20,22,19,41.22731301634823,239.99417964398626
21,21,17,23,7.176015614843587,7.3413279897348955
22,22,23,18,33.92607493117737,125.60168988109322
23,23,22,23,29.78944298005604,80.6509764700844
24,24,2,24,22.54899156823519,38.33734245487093
25,25,24,21,135.1376402665158,2825.3214579311634
26,26,24,25,83.9179529318745,500.5386184819918
27,27,25,6,61.76112819897498,262.6540996083551
28,28,26,156,78.20517106858878,667.197180281543
29,29,4,27,51.3880907307964,215.42279804697736
30,30,156,28,59.313240395144014,519.4484636266199
31,31,28,27,41.00153911878484,248.30592935465214
32,32,4,29,57.5614058996782,478.430117684086
33,33,29,26,58.497162269334524,368.4786337727731
34,34,28,29,47.53133671019575,94.0851330099653
35,35,30,31,62.6166734780583,508.93770943604574
36,36,32,30,33.90882962475925,99.76462495093787
37,37,30,33,118.36002611675544,1744.5178053713717
38,38,33,34,6.173725209217231,4.257013219113423
39,39,34,35,13.558241253642434,16.86828650284796
40,40,36,34,13.319737913082625,25.076507810486422
41,41,35,36,2.3297489249649765,0.24374587287532057
42,42,36,16,31.49104894246009,140.8045620047146
43,43,214,37,3.1480738465765135,0.870346129807362
44,44,59,42,42.16465462627914,271.3396822415411
45,45,45,44,33.052361099249026,95.36766458960886
46,46,39,46,20.7932881076047,68.95987652381763
47,47,46,55,25.6719945392781,70.03207773612492
48,48,54,43,27.057455987635045,47.26504606382378
49,49,54,46,11.179153288620233,13.441832354393469
50,50,48,155,14.338207699282941,29.440085591861397
51,51,47,154,11.267845670772301,8.6506704811083
52,52,48,47,0.861923451248872,0.04358160004991046
53,53,49,48,1.0310268552398383,0.16727387877438915
54,54,50,49,0.8707214131382337,0.06224184540113556
55,55,50,51,0.7151480978691485,0.07318289959936602
56,56,49,52,0.7490426552231252,0.08764390592190334
57,57,51,52,1.042390826613033,0.11223314190396415
58,58,166,59,0.7373493928950519,0.04317939175249004
59,59,166,53,33.80648107494321,173.0273380351048
60,60,54,55,37.3870608298379,195.31644799599604
61,61,55,147,14.254846381604924,31.532812523533586
62,62,147,111,13.197690605734502,17.89090721602966
63,63,42,57,10.421302866603554,13.97321920300037
64,64,59,58,14.009033234502244,13.941576163850925
65,65,42,58,14.123303243010994,12.74122032392553
66,66,61,176,110.6975134080817,893.3356906526124
67,67,61,60,120.47950901475792,1107.406989534748
68,68,60,176,118.52670923234746,679.0386685914543
69,69,62,63,129.3314191831388,952.927991734319
70,70,64,62,128.81050396022616,1023.9063453248996
71,71,65,63,162.7334515028203,2725.2567422884836
72,72,64,65,127.3237644413683,2209.550598421692
73,73,66,67,160.3001855577946,2689.803456961432
74,74,67,68,156.30113149703658,1754.4500216258702
75,75,66,69,111.01617254167623,717.6940282318232
76,76,69,68,157.78109961596513,1298.3539024917
77,77,70,71,22.248168851303,70.84958923601327
78,78,70,72,16.641893672229195,37.588813087234634
79,79,71,73,21.08937629197771,30.42355611845503
80,80,72,73,20.887666583158218,24.47265056472289
81,81,74,75,17.798878102586343,14.879010993559843
82,82,75,76,19.553247990105646,41.04161360261689
83,83,74,77,21.214774312367314,29.20652031569749
84,84,77,76,22.45252980068919,31.109635476731825
85,85,71,78,30.230780591824384,62.67172327747417
86,86,78,79,21.39553467312223,66.66395445368944
87,87,79,74,35.9654882289718,59.76105305214848
88,88,80,77,24.990948431476184,72.91245505506814
89,89,79,80,0.9821717226608133,0.09348075082647075
90,90,78,81,0.8476490656566266,0.03834085591883088
91,91,73,81,29.209186472288042,109.963966824655
92,92,81,80,0.7260091704349061,0.03888388117446919
93,93,82,61,0.9013976853230623,0.12344554198534807
94,94,83,82,0.8808672916138889,0.09605219798833066
95,95,83,109,0.8349389116087691,0.062134482948845576
96,96,82,110,0.8270187454673921,0.05599564527614806
97,97,110,176,43.74512383925053,186.93158449773628
98,98,68,109,66.57715676830551,556.4235887872074
99,99,67,83,77.10371958789526,607.7857587153943
100,100,40,84,45.484003175206674,113.88675601604366
101,101,85,223,38.76002587805155,72.16135930028695
102,102,224,85,1.0070879105714141,0.07763735123647468
103,103,73,87,352.3098486505564,5528.650004165502
104,104,86,87,344.3856917536242,17815.625564704096
105,105,88,89,0.7142170626617332,0.08084546831829789
106,106,88,66,45.849411055071215,120.24560806183612
107,107,89,67,55.53002578356847,210.53060736646216
108,108,86,88,47.60467118489669,220.4992904261739
109,109,87,89,5.002518789234555,1.2786223106086023
110,110,81,90,33.85885828471933,49.472580812306035
111,111,91,92,41.19507989017425,85.31251171206598
112,112,80,93,202.5790019745857,5983.226880011904
113,113,90,93,0.9824990306034306,0.08447922136945128
114,114,90,91,0.7530681728340917,0.04731386976323466
115,115,92,82,30.54019032425209,96.07783997513937
116,116,93,92,32.808163859272824,61.813727438036814
117,117,77,94,44.967100761054105,162.43986685789142
118,118,93,94,39.672145919212255,182.7987380405269
119,119,76,95,35.11837613948437,149.1713109090548
120,120,94,95,41.1691108037741,100.12630010694728
121,121,96,97,0.8865958961478191,0.07009343644037276
122,122,96,61,26.87840524087969,40.58255397111369
123,123,94,96,33.49010697425422,74.6632718242694
124,124,97,60,37.8947832851973,114.77305797443626
125,125,95,97,35.71711166813601,128.3967042431979
126,126,98,99,0.8876115100736154,0.08402926366299157
127,127,100,101,0.9273992525336413,0.12232357967783263
128,128,98,100,1.0417028778327515,0.10820513303999095
129,129,100,64,113.05321190558477,1668.2639741239202
130,130,101,62,103.37942722539508,1307.9094305368162
131,131,99,101,3.2005050518391873,0.6216065860609915
132,132,173,56,4.33105444906141,1.6774794578204997
133,133,44,102,6.096533727962243,1.9221175588942194
134,134,154,103,1.7493139147311392,0.23242503820766935
135,135,102,103,1.7625442747675053,0.4934305547904518
136,136,149,38,40.038514366814034,251.52473404979582
137,137,153,149,24.405935534425176,33.67127603347269
138,138,190,143,29.709722628430647,134.69601098373215
139,139,143,105,20.78848550524767,66.6975121358198
140,140,105,149,22.682762394847327,30.203978580022106
141,141,190,106,33.91384215463226,69.710721678579
142,142,106,153,19.345426189943556,58.06921980452586
143,143,106,105,14.329386911312199,14.143926030145048
144,144,58,107,14.998992863974886,17.686284842112492
145,145,53,108,30.396473093010147,68.12925042786344
146,146,109,110,54.86738200339692,354.7762848719745
147,147,43,172,63.20917377872557,183.1002626569836
148,148,172,173,73.28614838948752,249.15764922280823
149,149,112,53,23.921325126692757,35.17895639330593
150,150,113,112,19.983764821105236,21.843175347003616
151,151,114,113,25.158060478397235,64.58891223559313
152,152,206,115,163.21995013462865,3653.776370095028
153,153,115,114,149.74320237939634,3112.8540504296166
154,154,13,224,23.989702435059115,66.60468519339393
155,155,14,70,31.903913179296275,56.82622885366268
156,156,10,70,51.646518834675845,151.75059306547809
157,157,11,71,51.67507501147299,375.1327136546587
158,158,26,119,15.967363208897593,13.298459810650442
159,159,119,118,16.886581789451782,16.877609818413607
160,160,116,117,1.1995984797491286,0.22150761367489277
161,161,119,120,35.64381399176691,110.90623596103502
162,162,120,116,70.5403316580128,540.0325315158249
163,163,118,121,12.131869673004418,20.814864131007074
164,164,121,117,148.27257023621274,1890.3078452991106
165,165,120,121,163.46861536820555,1323.6874956938013
166,166,6,122,27.5770422871331,74.34423951538723
167,167,122,222,88.01377315729866,327.0642881661832
168,168,11,123,32.20216630874212,60.737825281147735
169,169,123,49,38.00866088330464,67.37602155698747
170,170,124,50,34.94380395597975,101.73081561412243
171,171,124,123,34.2608570960161,183.33111958163298
172,172,37,125,16.357588016376358,20.574578725123427
173,173,126,184,21.834304738852772,54.710448881425016
174,174,116,127,25.523704835582414,49.682463458951716
175,175,117,128,13.625666712478079,8.076869312899394
176,176,127,128,5.925517515382441,2.4871039314961547
177,177,222,129,55.71676976304474,326.34449464114937
178,178,129,118,4.961552748561352,1.3917856927476642
179,179,222,130,19.728992673311005,41.152982461061434
180,180,130,119,6.174293362277121,2.159084220768374
181,181,130,129,7.8421028593480155,5.28283809591065
182,182,127,131,45.4856961550144,98.33169434105605
183,183,131,214,38.40323263783449,77.79544727572635
184,184,128,132,17.42034303646073,14.196341111522084
185,185,132,37,78.6399761581623,707.3407633738304
186,186,131,132,71.84636909716988,783.9472580630145
187,187,27,133,46.7317895196724,225.78926880131112
188,188,133,1,54.50854864420613,169.3356126513767
189,189,158,159,56.26484309135572,386.6554667718559
190,190,135,136,16.813156591042908,39.32257861146809
191,191,136,134,16.350108856848518,19.786784139051555
192,192,134,137,30.96137799343736,85.23120564022184
193,193,137,221,13.567297512265867,9.29915243546924
194,194,52,155,25.058332176705974,42.85586172106054
195,195,138,139,23.9279089454183,50.86072995663147
196,196,1,140,24.139280257244966,83.18127557649517
197,197,140,32,82.06027305625646,632.1578477461189
198,198,141,142,83.41291618723838,449.47214026532316
199,199,16,141,22.759412092282897,33.737503014476
200,200,141,12,24.26955499635611,83.70916739429423
201,201,14,142,40.643705644718295,238.77442665271508
202,202,142,16,22.78996379085679,29.74601623053511
203,203,57,144,39.467084730135355,181.5054846535778
204,204,144,43,26.529005230455255,41.707674122532445
205,205,107,145,28.13727618762097,60.37922907391633
206,206,145,108,32.24633691740366,61.06147103098485
207,207,108,146,5.330641830624415,2.295264988681669
208,208,146,54,32.33518966710112,52.4194047897983
209,209,111,148,38.6785958099521,176.30824255778185
210,210,148,40,40.38436014362262,106.29905129584587
211,211,153,150,1.0025090462908401,0.047981913750700815
212,212,65,150,1.0908094304373779,0.09486457675163758
213,213,151,152,0.8912887624769531,0.032145044301817007
214,214,152,149,0.7796023449872428,0.028112743125208544
215,215,150,152,0.77911347528089,0.03819059003174484
216,216,102,154,9.793536435320416,9.211799718478527
217,217,155,154,0.9614504737973985,0.058655909086007256
218,218,121,122,248.79516540308592,3050.1421045076145
219,219,31,157,195.90781190661025,2248.162154006413
220,220,157,32,167.02425904430822,3970.177326249315
221,221,160,135,5.13419233665498,3.6623301086025033
222,222,162,161,208.6346458794125,4604.3902893040695
223,223,161,163,237.51154443585148,7931.467319749579
224,224,162,164,191.01804580897513,2132.9323116117544
225,225,164,163,243.85953124939638,6349.139898638953
226,226,165,166,261.9033564871886,5020.92339294904
227,227,167,168,672.3428208348384,22981.05686090795
228,228,109,168,74.25413071302134,742.6114060027691
229,229,168,138,52.377325873135305,270.53486460687634
230,230,139,169,51.44918987807497,230.0940019976172
231,231,169,110,40.88414867717454,118.9390012926568
232,232,168,169,57.48218294084119,269.6440018161682
233,233,95,170,11.824306933081386,16.05070713456364
234,234,125,171,335.1925673151609,8824.081555887353
235,235,171,126,247.44541265224058,8988.067072109414
236,236,173,174,67.12614815380432,289.46871697215687
237,237,174,175,73.24931878676023,784.4666041645685
238,238,56,175,79.88044589108935,404.39912669963877
239,239,175,39,47.034785921213555,299.2664834004764
240,240,47,177,3.3369417688192327,0.5602523924495022
241,241,101,178,13.334586771636761,18.237187861245797
242,242,178,104,11.849017045115307,9.712847617703286
243,243,63,179,14.664546779814827,16.590767709746995
244,244,179,151,16.02374749431261,15.445620444044678
245,245,68,180,25.305549088102037,78.80523843495277
246,246,180,167,25.407241556551412,78.472887781724
247,247,97,181,19.56912435036244,16.27213536858204
248,248,181,100,19.56764357290762,16.203948920961356
249,249,184,183,35.439735754755155,78.55832607432255
250,250,183,182,42.98146888082136,103.89360161598981
251,251,9,185,57.15327210335694,325.591882826681
252,252,185,124,53.458096020565,457.1717805003929
253,253,87,186,18.97460614797085,44.59130121299995
254,254,186,90,8.828254306328814,3.2505496815661874
255,255,188,187,9.283283059064724,11.501913604604061
256,256,187,41,18.17432716986623,43.43654824886439
257,257,163,188,25.07672444140141,75.40410192710804
258,258,201,153,16.203286324463097,28.19591639875258
259,259,169,189,21.070627119152157,64.83344128789261
260,260,189,190,22.23973133793476,71.4302678943798
261,261,176,189,24.900072130087448,54.84957442575282
262,262,91,191,20.32368515734066,44.70520336451604
263,263,191,83,29.68651681496022,94.96814424354491
264,264,76,192,13.366861386034726,11.183171952476085
265,265,192,47,6.206019921367369,2.864238813202518
266,266,177,193,8.38243796393466,4.516422395637083
267,267,193,98,26.00156716960733,50.39849857399071
268,268,92,194,9.828052978003573,13.24102238141978
269,269,194,96,21.06002640004486,27.17370101501512
270,270,89,195,17.179544668724347,45.281012780403465
271,271,195,91,26.313203544367614,29.730074590765422
272,272,224,223,3.4054037759542006,0.5363455590600539
273,273,75,196,11.592350063115912,11.217166333780927
274,274,196,48,13.726718307357038,19.98299015518433
275,275,15,197,12.774389752585991,25.689588007620337
276,276,197,72,28.756374465999137,101.79801012949004
277,277,15,198,33.043927720712205,149.6117703438836
278,278,198,85,6.242489399929016,6.162569892575591
279,279,152,199,53.722941439217735,386.76219489655494
280,280,199,164,56.54873904477285,204.2092603637224
281,281,200,65,54.21225238502569,156.69935341861714
282,282,201,200,78.2107713664,551.8239076446882
283,283,176,201,57.107429981393686,184.85369638796075
284,284,163,202,71.41913811893534,239.43382414945182
285,285,164,203,72.11826607739667,801.7085707623265
286,286,202,187,40.2856856108837,74.2633392554899
287,287,38,203,54.798637401187264,139.59534456185585
288,288,203,202,43.84407444467431,141.94969848375274
289,289,41,165,59.659706615595695,503.20891106528535
290,290,72,204,29.33605564591869,87.26009882185603
291,291,204,86,24.207630810626814,26.400627839612056
292,292,85,205,26.321628981988752,59.33085610313652
293,293,205,86,11.37685074729703,5.273168107148823
294,294,170,98,21.065562637447695,48.06770345733681
295,295,207,208,7.182808300935319,2.944473459635438
296,296,208,160,9.555858905568968,9.57122055746565
297,297,210,207,8.492097629252681,4.283077564428188
298,298,209,208,2.1336544720690256,0.6565544992410278
299,299,210,209,2.9235105060650004,0.5057244134324088
300,300,210,211,3.049772877778466,0.41784241992539223
301,301,211,213,2.8538742346780457,1.1466953191540994
302,302,212,209,16.982041665154128,32.43698049789216
303,303,213,212,17.144841744391595,29.166326645595184
304,304,213,210,21.550783218039026,18.75595704959045
305,305,182,213,15.715658389405252,16.92466793960462
306,306,215,216,64.94312561603245,243.7460022945694
307,307,135,215,86.5016510352405,446.32643278613386
308,308,215,158,66.80612520228475,228.06867257537863
309,309,159,216,93.57752454120237,1010.0348936480502
310,310,216,136,96.41151758033568,798.083046777955
311,311,5,217,3.6923633571097985,1.254414401131263
312,312,217,209,4.5634994156238955,2.08034738065883
313,313,60,218,24.899896177092366,44.659288115834684
314,314,218,64,21.726819529065455,58.54054890711868
315,315,151,219,21.78606495833378,71.03188401670214
316,316,219,162,22.218927515241337,61.91067175380469
317,317,103,220,3.9326062646251487,1.798716114909509
318,318,220,99,24.419842557983443,91.05243654832191
319,319,223,225,1.06743717623646,0.047929686662838
320,320,225,88,40.28084332029204,88.25123026933122
321,321,104,226,7.996645751902269,3.955073410727949
322,322,226,206,7.48483190786272,4.325311779577528
323,323,155,227,1.5436015178713705,0.16860920006003716
324,324,227,45,19.75273559999927,20.822814237426282
325,325,231,232,56.94576144220147,402.9972050691768
326,326,241,242,46.708822921666645,289.81568695070825
327,327,242,229,45.178710651407556,204.45034561259197
328,328,228,236,194.56916597169376,1913.5145599787577
329,329,246,238,36.69550026099409,171.75886643897408
330,330,229,248,42.50077175203319,273.47076650991886
331,331,248,238,195.05808126881107,3887.7990361198526
332,332,247,248,106.69351248802448,577.0345750032687
333,333,250,251,11.426825795067321,9.394382912360408
334,334,251,246,26.590318178907253,38.67135680764229
335,335,252,231,33.30253738478633,158.2315631357215
336,336,253,252,12.616078820815114,22.983271730652575
337,337,254,253,14.2898215428087,28.552011109088568
338,338,257,233,23.528084746244126,67.63230029503858
339,339,228,261,52.67034556064539,287.29426665032923
340,340,263,264,62.63364477643264,170.6569620003104
341,341,264,260,72.06517236788648,655.85266227319
342,342,263,228,50.63643824839374,306.06635984646095
343,343,246,271,104.33229966856223,783.5513634255709
344,344,271,247,132.785378366439,908.4475985244909
345,345,250,272,106.12523530476936,824.319579212255
346,346,272,249,127.31911592728139,2569.7597117724563
347,347,272,271,93.07080512489738,967.0117556440962
348,348,275,274,47.422829930848565,313.64502584737755
349,349,278,277,51.99087391073867,129.40321612709639
350,350,552,267,44.78089290415274,117.90765705881206
351,351,551,279,61.54232683878296,337.26962394137144
352,352,279,552,91.84756234709928,1001.9885319047931
353,353,280,276,28.608366713372806,127.17554283907194
354,354,280,281,37.59040931629418,165.49406677899077
355,355,283,236,14.89416952045184,17.913132412286043
356,356,284,241,36.86600710521676,81.2852298232814
357,357,554,555,1.793373876536565,0.4677289891414862
358,358,551,285,14.276602945017327,16.20059789744536
359,359,285,555,6.813242627174322,1.905009602017249
360,360,279,286,11.131760359906671,8.502983682422345
361,361,286,554,8.091015470115568,5.4575150538323545
362,362,286,285,1.0403419060559065,0.07902414198029334
363,363,287,276,1.3292272850305467,0.1663441958849291
364,364,281,287,63.90490212893432,581.9503522972244
365,365,277,289,4.084703661432579,1.8631774608644645
366,366,289,288,3.162734132134367,1.2541193897392506
367,367,290,500,0.8662878817209804,0.11941280687135614
368,368,291,292,4.7496003636851984,2.741996993592075
369,369,238,294,107.37904360043082,626.0559835083593
370,370,294,284,102.70672340069099,1443.3241537375925
371,371,295,284,137.7565179695345,1206.2563266684867
372,372,294,295,122.5076257227316,1155.1351375780157
373,373,239,296,198.0996769090315,4341.73721635276
374,374,302,249,42.7085589850916,112.09817720756136
375,375,301,302,22.873230996075257,41.19406241911427
376,376,303,272,25.702354242603857,45.059388594036825
377,377,302,303,11.099798492132155,8.41938392523334
378,378,303,299,15.195102200706039,33.931937240208256
379,379,299,250,10.142376088653052,6.640949956801761
380,380,304,278,0.7173560468138525,0.02504061557198328
381,381,305,277,0.7700870869902926,0.08992214791343679
382,382,304,305,0.7067038238529789,0.022707769917733052
383,383,305,288,4.900616801627875,1.0256954505968612
384,384,306,307,4.933658215062233,2.5200347089548076
385,385,308,278,65.22266335565244,303.06763020702397
386,386,309,308,0.9960551414713565,0.05225182908051533
387,387,310,304,42.97599549073051,256.83048200094544
388,388,310,308,50.50085552371617,369.75446009731496
389,389,311,309,54.09737741186606,294.408110386216
390,390,311,310,42.501567741825724,216.38505772198383
391,391,312,311,51.62378389799071,313.43379185121205
392,392,307,313,42.83297339855832,280.86368476223697
393,393,313,312,47.98369335513851,179.83453074397448
394,394,313,310,50.75514908859137,261.26338862478013
395,395,314,266,118.72718400673428,1009.0737512969538
396,396,315,239,94.86362428901292,940.25349769504
397,397,316,245,45.07263527526203,120.09709176095942
398,398,230,317,100.68155057131605,680.9728216838578
399,399,580,280,51.81796553015182,300.0424958900388
400,400,580,281,79.23860445754171,728.1224147625029
401,401,237,580,173.11738817750847,4469.534269077852
402,402,281,318,189.57776200593233,2330.454732370356
403,403,319,282,245.38263301069904,9099.362765387075
404,404,318,319,205.06943804954784,4437.081905183703
405,405,265,321,47.86540256810417,135.02864534625667
406,406,236,322,18.25821565187444,14.130857386673053
407,407,324,309,37.32537299820237,103.72402686986537
408,408,324,323,1.0146049820293153,0.10967248659463881
409,409,325,323,1.065438032897758,0.06820215342094295
410,410,326,324,0.9802151559266166,0.047526917484738314
411,411,326,325,0.7912890892682977,0.08946074636187085
412,412,328,327,0.8512972487873127,0.10909618926687689
413,413,329,330,1.053998251948473,0.11800977938198748
414,414,266,524,0.8206362560348158,0.029430405507138373
415,415,524,329,0.8924561938782477,0.10831503913474588
416,416,525,330,18.04258802374071,37.511074335250605
417,417,440,331,17.89644179851002,34.97032002591221
418,418,331,265,19.25031282087021,21.40753304832666
419,419,321,332,15.522353690834507,27.268941346257353
420,420,332,322,50.47922696238359,273.5534108262718
421,421,331,332,138.06148843687282,960.2224787044133
422,422,581,274,34.00640495162324,163.23869269592723
423,423,581,275,23.545796899870467,45.296989343706095
424,424,580,333,114.83713552885644,531.1797083405711
425,425,335,334,0.9350926305525272,0.043220688696676425
426,426,268,537,0.9995177333453731,0.12097977174753698
427,427,289,336,40.70887468176426,105.20016496800592
428,428,267,336,31.474572834327347,72.0212540566687
429,429,288,337,24.31469312386987,25.866863503962204
430,430,336,337,24.800606254138245,89.19369073357608
431,431,337,574,128.38780050396377,1134.125789132205
432,432,336,279,48.82134200006134,125.02900577304106
433,433,337,551,53.99299549123361,348.95691724429935
434,434,317,338,57.60212284608922,330.7486027716785
435,435,338,273,32.70169295049605,159.27305125923317
436,436,339,229,232.53189217119146,4188.002455394408
437,437,273,340,16.801802377644588,14.781587867308943
438,438,340,341,65.55504012387152,273.0129719568619
439,439,341,343,222.92749369381167,6784.926152200426
440,440,343,342,233.53363100627595,6950.658893815382
441,441,300,344,40.76708747580205,175.88162874804513
442,442,344,244,50.636660272531635,152.5098802470794
443,443,343,344,61.70968511940748,259.28995148980084
444,444,244,346,61.23628615961352,155.5602442940141
445,445,346,345,69.25446764451195,195.60654935523777
446,446,347,346,20.15314310076865,18.676869141957475
447,447,244,348,14.260354803947346,15.891646144461994
448,448,348,347,18.43640267635706,45.99056277494969
449,449,348,349,14.334828321254752,18.790154529125395
450,450,349,500,147.15717487091143,2028.9113152252128
451,451,523,328,43.682115888702526,142.177043503174
452,452,351,282,30.531405643319196,71.97500594875864
453,453,287,352,62.24351686050898,540.8790339480598
454,454,352,326,95.62801422374916,399.2941091094176
455,455,276,569,24.57257533723671,27.04402551954067
456,456,569,325,79.93542379140399,550.3078155772881
457,457,569,352,111.34470883731831,1743.6208149482852
458,458,353,287,55.159012271777506,226.5758459434809
459,459,352,354,66.44416602013544,494.9205010112864
460,460,354,353,63.81116747594008,294.71782570762696
461,461,320,355,55.11379593272783,333.59345827861
462,462,568,356,144.10312937214212,1905.7677209750657
463,463,357,355,130.40864003730303,763.403448812488
464,464,357,356,124.99923292404351,2136.947028567114
465,465,354,358,164.6299430582715,3505.227417263951
466,466,358,568,30.670390607129256,141.99449880283302
467,467,358,357,26.71810413236558,47.08757779067182
468,468,282,359,35.44830905203589,135.8741205087887
469,469,359,320,17.18922108964912,15.575688371649505
470,470,356,359,22.386348356454793,23.05672201653553
471,471,276,362,17.36073974152896,15.17030265195353
472,472,362,360,19.498172408322866,31.276247500750774
473,473,361,362,15.333539115829305,14.17918338644203
474,474,323,363,28.61696736300946,32.85304956169043
475,475,325,364,32.59928315643617,54.23741803914393
476,476,363,364,29.29506117166219,88.51526484012572
477,477,364,365,54.7542230651601,377.20019738945444
478,478,365,366,56.49128673537164,441.85746395766864
479,479,366,361,72.12925324986763,351.96027905289134
480,480,367,365,65.07869188870606,641.6182839920812
481,481,367,368,64.33859408188056,539.0575621442979
482,482,368,366,63.41347398816171,636.1685982175529
483,483,363,369,42.855689610152005,127.62056581221935
484,484,364,370,13.658227990006425,28.707886014188734
485,485,369,370,0.8314935973597084,0.03495530080665226
486,486,371,367,1.020578651525125,0.05922373803451939
487,487,370,371,0.867610503471389,0.10580441603734202
488,488,373,372,274.7819330449589,6406.498590604486
489,489,360,374,286.635081384749,12496.293791473412
490,490,374,373,213.15664705644807,5538.859521957363
491,491,368,375,247.08298561576075,3108.0972265258642
492,492,375,360,250.00857383063337,8111.721126031318
493,493,372,376,248.30467162398156,4839.216240829805
494,494,377,327,335.7742469698338,8113.260226154886
495,495,378,328,523.3209361403084,19910.032435276953
496,496,377,378,417.29303225201704,10821.85805105911
497,497,314,379,27.618902084449843,77.94193157100169
498,498,379,329,27.895616920860842,66.53095623203048
499,499,380,377,26.111454178227316,81.23495333161951
500,500,381,380,28.327261543214682,37.465150971401236
501,501,382,314,45.291339693226895,260.1077839181264
502,502,380,383,58.703853762172784,281.8737292609347
503,503,383,379,58.99442530896903,361.9120285191404
504,504,382,383,54.22005764901997,250.89653511272522
505,505,329,384,50.044439772036746,323.4784203173229
506,506,384,377,27.785568631250463,101.35536908874869
507,507,383,384,38.40085105000411,83.73191799152883
508,508,330,385,38.246264707468434,134.01518581844093
509,509,385,378,30.64580090081112,38.49390675908448
510,510,384,385,37.39091132776837,86.68146636679586
511,511,381,386,5.642145811774176,3.533975661400771
512,512,386,382,59.533379377381515,276.13375382830424
513,513,387,381,19.378685545077467,18.565697429584755
514,514,388,389,14.462678454319722,22.020894486995577
515,515,390,388,14.531757226402275,33.247506888036774
516,516,393,392,14.606979042884378,15.61234221835602
517,517,392,394,35.32551016701393,180.8314277387641
518,518,394,395,30.818033205873807,122.35641895931009
519,519,396,395,31.252006813145854,51.08636327217187
520,520,394,397,31.825392587379387,57.750273214434074
521,521,397,391,43.409826471889666,88.65650785980722
522,522,397,396,32.14712419520997,102.14592898266736
523,523,392,398,22.39812996331666,21.988535266379984
524,524,398,388,21.112640531616783,28.901185165336447
525,525,395,398,20.98104686133239,63.920358563759365
526,526,393,399,20.837467264036544,18.497417716050794
527,527,399,389,19.33950791177661,36.391713624711684
528,528,398,399,21.168910356443604,57.271184053413705
529,529,391,400,16.392404094004558,33.11143614054674
530,530,400,390,15.415984534175708,23.888019873084538
531,531,400,396,17.606553800112067,47.179758711254024
532,532,401,313,20.00967612736561,24.732662990852077
533,533,402,312,17.82278834838222,42.61561127890317
534,534,402,401,16.20378549670405,16.921068417501324
535,535,556,401,18.213682074630483,32.63262128679336
536,536,556,402,22.352565186510656,74.22492669019378
537,537,403,306,89.09875758206613,661.4735862555007
538,538,404,307,78.86815797851679,590.7401559072176
539,539,404,403,0.893659510736339,0.11889071446825705
540,540,557,403,0.8877788474563765,0.09853366934353232
541,541,557,404,1.0106890096959495,0.15734316574826854
542,542,573,405,32.19035686340127,162.5582848859534
543,543,406,573,23.127340202077278,61.22596727597276
544,544,407,406,9.353738388593227,5.590967489966249
545,545,405,408,11.103296710030747,7.2123090514729595
546,546,537,409,9.618110084016363,7.710184051996687
547,547,409,574,56.110315110925136,201.6645235985007
548,548,574,410,73.65274314876001,730.7467099000876
549,549,410,306,35.45652609907006,50.83831542745331
550,550,411,408,27.65357076636931,87.40599557186829
551,551,412,411,22.34746533947597,26.489037371064693
552,552,291,414,35.57723948743066,154.3766767107341
553,553,555,415,7.8689690179342495,3.479040437939709
554,554,415,5,30.508529197556253,133.9723992262448
555,555,416,413,18.472478795930247,34.30293261260864
556,556,417,416,1.2324623573707696,0.09136355677954348
557,557,333,418,37.10369784617366,108.21719562046653
558,558,418,581,32.583146656003834,160.36358848420292
559,559,376,419,33.18063434363641,110.41535238404255
560,560,275,420,31.15777047356109,69.709758655327
561,561,420,335,17.505920848476833,12.961249760400495
562,562,274,421,5.76516509114827,1.6571540512559135
563,563,421,334,15.126857535093626,11.483249303529742
564,564,421,420,16.392013115265428,15.908897896532165
565,565,419,422,21.328739575800046,21.423257995775405
566,566,422,335,18.125967231893757,34.34064379384998
567,567,423,316,43.07347685684303,166.7741415148634
568,568,245,424,192.49525632943357,2007.2612263400129
569,569,423,424,206.49531148602338,5022.742443209849
570,570,424,425,142.56234333166398,3247.276955066309
571,571,426,423,156.56443681470512,3372.612296959616
572,572,426,425,186.75132511644708,4929.178838149214
573,573,269,428,40.304931112595604,102.14884589365474
574,574,428,427,33.31712244016431,62.087699623733755
575,575,245,429,56.40705146275674,323.4894071379855
576,576,429,430,61.16918931901287,577.1014316787531
577,577,430,431,49.87415647469366,171.88573932779346
578,578,431,230,10.214337339148042,4.966609911305356
579,579,425,432,36.0917150677815,180.85280182444276
580,580,433,350,45.30412834760516,170.957174036439
581,581,322,435,9.475559189817348,10.731389251374795
582,582,435,523,5.391105871321851,1.4665500308258446
583,583,436,440,5.424622059399391,2.1360526411567053
584,584,265,436,247.91369088426717,3662.2150707065994
585,585,437,438,205.17594510969687,3261.6998899638315
586,586,237,439,13.413935611647222,8.75986517777036
587,587,438,439,76.32054616119449,605.6655594258552
588,588,437,520,68.83433470684368,709.8652858927755
589,589,441,440,78.4693935956575,536.7861236041667
590,590,436,441,159.07363505693627,2905.677890829996
591,591,441,437,214.75514719517136,7138.182322917067
592,592,440,442,28.232922373827634,36.99913577710923
593,593,442,283,35.14196049638903,133.84726759246644
594,594,236,443,42.5940700488826,85.96384813426958
595,595,443,331,50.51224860776062,381.56265249165983
596,596,443,442,49.484915514516494,152.65291331481717
597,597,321,444,21.506547232600298,65.54546020630856
598,598,444,351,13.64850149613914,10.425126626618965
599,599,444,441,311.6835680397925,9826.792420608492
600,600,262,263,285.46697054932264,9689.912738713854
601,601,261,445,253.34530485256266,4280.989504230545
602,602,261,446,345.4439326258859,5623.61194677065
603,603,446,262,362.9609116166215,14236.514692515058
604,604,447,445,293.8986643863698,8205.448950893968
605,605,446,447,364.78766808076267,12981.573415998093
606,606,445,448,354.9946537712366,6263.621932395593
607,607,447,448,261.587866885051,3511.4723223425076
608,608,448,449,363.7858971627373,5376.393978557555
609,609,449,240,368.560126657845,6888.206049975062
610,610,260,450,318.38713675248584,11367.04091305505
611,611,450,240,317.9586904822139,12369.065579516815
612,612,525,451,316.8882956272536,13074.377539429071
613,613,451,228,43.97777143617854,259.51719096787957
614,614,320,452,30.82189608657555,91.37709633053242
615,615,452,318,29.63332954387259,62.522809031226615
616,616,355,453,5.4286563529702185,1.9512715390005002
617,617,453,353,5.732381623609157,1.3289018388888687
618,618,453,452,6.899079924295156,4.662758121525472
619,619,454,270,8.42373380299988,4.081393589281596
620,620,270,455,8.733483137187035,10.275233787851496
621,621,456,290,47.234967593751556,92.39612542447045
622,622,455,456,47.66327181473783,127.65896080345638
623,623,259,457,22.363881831634735,73.27915009201058
624,624,457,458,28.52771362170546,62.82194242694027
625,625,259,459,26.94453501903544,82.14981038538201
626,626,458,459,32.49597918125845,149.6135446513618
627,627,258,533,27.87442955438417,60.18011833359816
628,628,459,533,23.153320511961766,26.16544683687614
629,629,459,460,13.447658492411227,7.979199033931223
630,630,460,461,17.263057475471047,46.94357437344577
631,631,461,462,11.855654593291113,7.52186977841645
632,632,463,257,28.69028190900093,102.81726056070836
633,633,462,463,40.08331360027931,172.93403550497146
634,634,234,464,34.626047261670294,51.74634627428907
635,635,465,256,34.935514756209514,188.80283416131863
636,636,255,466,10.589185373943206,8.969677421397963
637,637,466,254,56.42766315230327,356.1144273016554
638,638,243,467,32.51707227504401,93.1555506768018
639,639,467,253,106.10304573352674,1066.1320398082335
640,640,243,468,45.969474643950164,86.40466896893425
641,641,468,295,100.19663489634797,404.6390047179462
642,642,231,469,967.0837280149368,64447.18044089252
643,643,469,241,128.4779529243543,1927.8622894488244
644,644,469,243,1950.2252212485714,321732.9509811922
645,645,470,469,1959.3479692338246,460634.9411114299
646,646,349,471,61.719853997825346,482.207036947186
647,647,345,471,16.992934301674406,13.974607091083808
648,648,471,301,27.961430259461597,83.1478560656464
649,649,339,472,25.005648808185583,89.08262851942342
650,650,472,486,23.825863320491443,48.251075432503804
651,651,229,473,19.279142631325296,53.7630609514429
652,652,473,301,33.20006468105191,63.28344387866093
653,653,475,474,145.7592676386533,1587.3307187776552
654,654,240,476,121.33596334345755,839.5891945315559
655,655,476,475,129.595613272905,2651.836798850802
656,656,230,477,46.15890158483049,184.23756829986579
657,657,478,317,57.222071681929975,173.67134890424882
658,658,477,478,40.79573888600807,219.46803282386313
659,659,256,479,192.42586679502142,3432.635963257679
660,660,479,255,6.861427931817781,7.119626914492058
661,661,293,480,35.431793406653014,124.03045538303118
662,662,480,465,76.8182570271071,358.43344857974796
663,663,481,293,12.846790941817488,18.864891078365606
664,664,482,578,17.2527055100502,22.801396877650955
665,665,292,483,14.757476822389174,20.712084719064066
666,666,300,484,25.257462729235915,40.707157840410844
667,667,484,345,26.24016038361169,76.76535775633026
668,668,485,339,22.980147746964754,60.564700948314766
669,669,486,485,40.82938465344066,225.29011273469663
670,670,484,487,51.61296835748502,228.0882539984871
671,671,487,486,103.2649457048825,444.51778985351575
672,672,488,235,19.15514699904145,19.734073896019108
673,673,491,494,301.476681666179,8988.62042129981
674,674,492,493,386.49213258835397,9163.366056293537
675,675,489,490,77.49889463279015,270.3740669043172
676,676,490,500,102.66315627147227,480.0166766466763
677,677,490,492,87.09539955801445,1138.726168552936
678,678,492,491,85.64335677510549,760.6612449213278
679,679,500,493,104.09748542058486,1326.781701274459
680,680,493,494,104.08570434533698,1486.5360310488845
681,681,491,495,81.59237805718695,1017.2882315923327
682,682,495,501,73.13977275362306,582.9321270492082
683,683,496,298,79.32003859201943,398.8041673489164
684,684,501,496,88.12577427793725,975.8383908544074
685,685,497,433,13.118270979804903,9.761710151780004
686,686,270,502,30.66310666381936,53.39885911893754
687,687,502,298,30.148808273449202,128.97255727782468
688,688,495,498,34.19675442486777,55.2782426849717
689,689,494,498,28.30165480249606,105.7176857153256
690,690,498,496,6.8044858775052015,3.949123941508576
691,691,298,499,14.89097859362555,21.28465647052014
692,692,499,497,11.243004228592966,15.845723299685117
693,693,455,489,11.856156306262838,8.615124662600786
694,694,502,501,11.449498347881427,13.239455305448049
695,695,350,503,95.94959764426159,600.9400420562577
696,696,503,269,110.84542562698776,765.9017777562523
697,697,432,504,98.11228489872413,1265.056985957952
698,698,504,269,26.64316091124127,36.95733090139688
699,699,505,504,26.464617942083766,87.44906767803222
700,700,427,505,25.537751188405135,55.935521379647064
701,701,505,426,26.194894231283193,53.67037196787035
702,702,578,481,10.230805275536303,11.653292925238173
703,703,482,481,36.031696851305924,110.3181966219803
704,704,474,239,43.144836574545174,210.89691286041025
705,705,296,237,26.726426311067094,61.958662510137145
706,706,533,530,11.570056104171531,14.496590839821026
707,707,235,506,8.324943259984506,7.851281490003122
708,708,506,507,19.572329756374653,56.778221883116245
709,709,507,258,12.41457816972236,13.575976460113363
710,710,508,556,41.4633144954383,69.25267896613896
711,711,509,508,41.17513374052387,98.84451441849377
712,712,370,510,58.915378167598924,536.7660694232802
713,713,510,509,51.15375208595307,302.61236623756486
714,714,369,511,56.08986159853994,371.5057997784415
715,715,511,508,1.0371980814087456,0.16396432916045406
716,716,402,511,38.16345734480319,203.4937699713284
717,717,511,510,45.96732416439151,147.2900448726095
718,718,513,512,46.517320504316764,183.57687887546268
719,719,514,268,43.92964333075119,152.07578278168697
720,720,512,514,43.73201217572445,97.9910712057844
721,721,414,515,39.78798887346131,69.60801068085522
722,722,515,416,27.621789806281356,54.82471124491516
723,723,515,513,18.11506802809981,37.7842128139915
724,724,413,516,20.380176475910275,57.63150116521208
725,725,517,516,2.5967726605319923,0.6828183289135611
726,726,401,518,41.66602156320575,270.43529225475254
727,727,518,404,8.224105770686032,3.6564601706168016
728,728,519,518,2.900938761862268,0.8126388888029324
729,729,439,520,19.19152360874358,44.14227459340148
730,730,520,283,11.996618838312784,17.563758215531998
731,731,342,521,35.66196167569064,70.06819538897679
732,732,521,300,18.832432547427363,31.72686717028166
733,733,249,522,15.700718652606863,24.88688969844224
734,734,522,247,41.14877534550094,177.9739000064346
735,735,524,525,4.228553844458143,1.9022483275866007
736,736,524,577,4.946975518183145,2.3032584507816445
737,737,258,526,5.073973596028051,1.8042602045752631
738,738,526,259,23.136944105350544,31.30474234686605
739,739,575,527,46.4390985687749,313.3025315149858
740,740,528,529,1.3282056674990246,0.23344204897382215
741,741,582,388,1.4379147114265876,0.10020596510725842
742,742,529,582,42.964625447917314,181.1142777798405
743,743,389,582,45.46050580287775,174.50916408227252
744,744,507,530,51.772055447799445,314.9133918888959
745,745,530,531,58.30918650874925,510.19011150046606
746,746,532,531,39.24729751699617,156.21302700960038
747,747,531,534,43.694503586833356,83.81281790424985
748,748,533,532,4.038673839833566,1.8084344086121267
749,749,532,461,4.973846167855479,1.5887483910432378
750,750,235,534,42.768527528030226,105.12109261435887
751,751,534,463,47.34608259066567,336.2418247460784
752,752,84,535,39.824928384018605,77.43282502336343
753,753,535,488,33.07765952644196,107.68570117732635
754,754,536,514,5.573027269761417,4.965773550355161
755,755,513,536,4.617748869942388,1.2213194772030822
756,756,516,538,28.546479161820695,120.18303384040169
757,757,538,403,43.42490751561996,278.1782296157762
758,758,539,482,61.37893559209116,355.13206196621
759,759,464,539,78.88373218050099,683.5893005596109
760,760,540,315,136.27478902712892,2679.9800545018797
761,761,238,540,209.66545161402192,4073.4252915312964
762,762,434,454,266.28329889283987,4523.528363285086
763,763,297,541,302.3153978699509,5290.121410059202
764,764,299,542,26.4894321706847,36.36203288775743
765,765,542,296,32.801090462076374,112.71169848503264
766,766,296,543,140.19168137012934,2112.4101124418094
767,767,543,297,126.94671673463758,2346.710912458855
768,768,470,544,5.739856023101646,2.390757152831741
769,769,544,242,4.619191127414118,3.1748815482003176
770,770,232,545,4.303387997308102,1.1734859753304274
771,771,545,470,3.927451070050149,2.3897571122417687
772,772,307,546,46.22594007261841,128.17147428331194
773,773,546,304,19.072587786780577,15.29607828435946
774,774,527,547,10.930819379318871,13.335961412816017
775,775,547,528,39.10003385198469,81.70234412204957
776,776,308,392,40.92862997676776,85.62651019958088
777,777,309,393,147.585869306185,1679.4898741590787
778,778,510,548,26.119007737700684,80.80340926977225
779,779,548,335,68.02307041709942,644.809411359551
780,780,327,324,103.27043058933249,524.6176354061317
781,781,328,326,84.21311597612421,1042.459933931776
782,782,306,305,69.19495567849582,603.7952396999674
783,783,549,291,49.953266651006196,191.30791268212562
784,784,550,549,28.194255484839672,94.78593822790586
785,785,552,575,105.72047167918387,1445.7857701051528
786,786,541,553,31.531321284121724,57.333196796715086
787,787,553,434,41.239318911003664,191.81358575764116
788,788,409,558,7.0459097896243446,2.653765376084816
789,789,558,407,41.74964527119323,73.02661909804142
790,790,408,559,18.65389910812383,27.088885722084626
791,791,559,410,3.9116396502417947,1.4836768406420295
792,792,582,560,16.60085178045382,26.092979618402268
793,793,560,327,30.93561296054121,90.17340211639589
794,794,582,561,44.62390789590161,233.96936277413724
795,795,561,387,26.194383563454267,65.09376068121371
796,796,483,562,19.82179578884926,27.436657335727336
797,797,562,417,13.947362674318342,18.982555525079878
798,798,417,563,5.504654305366292,3.989953373704064
799,799,563,517,21.114383683250566,52.402250717376155
800,800,517,564,23.125358444662698,85.41175510256573
801,801,564,557,28.929783522188853,35.46569605755675
802,802,519,565,8.235809159984997,4.645691636149238
803,803,565,557,0.9669701972594873,0.07179249739615848
804,804,556,566,9.322599933297782,6.818959210928605
805,805,566,519,34.15924067220832,64.29501305780448
806,806,334,567,41.32129194606838,141.20303079421458
807,807,567,509,57.30432312649817,344.7434567849696
808,808,572,571,212.01555787632807,6437.561876090394
809,809,573,572,79.10565300365914,624.9342235468713
810,810,323,570,42.969704635827874,216.35309373814337
811,811,570,311,13.881177204405866,23.718237225610842
812,812,571,412,183.85988807399076,3784.8281286886595
813,813,572,411,26.927357734842754,104.2930961563493
814,814,285,576,39.29912889418659,245.73200337094184
815,815,576,550,17.389836774984317,14.590153480381357
816,816,577,579,214.55963307662927,2915.3305257606276
817,817,233,579,56.84293616703224,396.1728724189581
818,818,579,234,54.10083175698979,291.7924924183271
